,numpy_loop,numpy_loop_shared_joblib,numpy_loop_joblib_conquer,EconML
1000_1,17.968041299999868,18.150850499999933,23.17810149999991,1.4675408000000516
1000_4,18.1043145000001,15.011505500000112,31.05324789999986,1.4675408000000516
1000_8,31.96008780000011,27.44907330000001,46.17427640000005,1.4675408000000516
